name,price,url
,4190,https://www.divan.ru/product/podvesnoj-svetilnik-sanset-black
,3990,https://www.divan.ru/product/nastolnaya-lampa-mashrum-gold
,14490,https://www.divan.ru/product/torsher-billi-black
,16490,https://www.divan.ru/product/podvesnoj-svetilnik-babl-9
,6190,https://www.divan.ru/product/torsher-babl-1
,6190,https://www.divan.ru/product/podvesnoj-svetilnik-babl-3
,1990,https://www.divan.ru/product/bra-babl-black
,3590,https://www.divan.ru/product/nastolnaya-lampa-dendi-black
,3590,https://www.divan.ru/product/nastolnaya-lampa-dendi-white
,4990,https://www.divan.ru/product/torsher-vario-white
,990,https://www.divan.ru/product/bra-vario-black
,990,https://www.divan.ru/product/bra-vario-white
,4190,https://www.divan.ru/product/podvesnoj-svetilnik-sanset-white
,2690,https://www.divan.ru/product/podvesnoj-svetilnik-kendel-black
,2690,https://www.divan.ru/product/podvesnoj-svetilnik-kendel-white
,9990,https://www.divan.ru/product/torsher-vena-beige
,4990,https://www.divan.ru/product/nastolnaya-lampa-sfera-orange
,15990,https://www.divan.ru/product/torsher-oslo-black
,2590,https://www.divan.ru/product/podvesnoj-svetilnik-kaya-black
,9990,https://www.divan.ru/product/torsher-vena-black
,2590,https://www.divan.ru/product/podvesnoj-svetilnik-kaya-white
,3990,https://www.divan.ru/product/nastolnaya-lampa-grover-glass
,3990,https://www.divan.ru/product/nastolnaya-lampa-sfera-black
,3990,https://www.divan.ru/product/nastolnaya-lampa-mashrum-grey
,990,https://www.divan.ru/product/nastolnaya-lampa-spajk-green
,14590,https://www.divan.ru/product/torsher-klaud-white
,11590,https://www.divan.ru/product/nastolnaya-lampa-klaud-white
,2990,https://www.divan.ru/product/nastolnaya-lampa-rej-black
,3590,https://www.divan.ru/product/torsher-rej-white
,4990,https://www.divan.ru/product/torsher-rej-black
,790,https://www.divan.ru/product/nastolnaya-lampa-spajk-orange
,2590,https://www.divan.ru/product/podvesnoj-svetilnik-portland-black
,3590,https://www.divan.ru/product/nastolnaya-lampa-gross-white
,5990,https://www.divan.ru/product/torsher-mun-black
,13390,https://www.divan.ru/product/torsher-billi-white
,6190,https://www.divan.ru/product/torsher-vario-black
,4990,https://www.divan.ru/product/nastolnaya-lampa-raffi-round
,5990,https://www.divan.ru/product/torsher-gross-white
,9490,https://www.divan.ru/product/torsher-raffi-round
,3390,https://www.divan.ru/product/bra-moderli-alina
,11690,https://www.divan.ru/product/podvesnoj-svetilnik-maro-green
,2590,https://www.divan.ru/product/nastolnaya-lampa-rej-white
,2990,https://www.divan.ru/product/bra-tarbes-2
,4990,https://www.divan.ru/product/svetilnik-potolochnyj-matthew
,2990,https://www.divan.ru/product/nastolnaya-lampa-junior-4
,2390,https://www.divan.ru/product/spot-lajt-1-black
,3870,https://www.divan.ru/product/nastolnaya-lampa-junior-3
,3990,https://www.divan.ru/product/nastolnaya-lampa-junior-1
Подвесной светильник Milligan,5490,https://www.divan.ru/product/podvesnoj-svetilnik-milligan
Подвесной светильник Townshend-4,10990,https://www.divan.ru/product/podvesnoj-svetilnik-townshend-4
Люстра Монти-3 White,9990,https://www.divan.ru/product/lyustra-monti-3-white
Настольная лампа Junior-2,2890,https://www.divan.ru/product/nastolnaya-lampa-junior-2
Настольная лампа Taeda,4990,https://www.divan.ru/product/nastolnaya-lampa-taeda
Торшер Duetto,6990,https://www.divan.ru/product/torsher-duetto
Настольная лампа Sphere,6530,https://www.divan.ru/product/nastolnaya-lampa-sphere
Подвесной светильник Layham,19790,https://www.divan.ru/product/podvesnoj-svetilnik-layham
Бра Galdakao-1,6590,https://www.divan.ru/product/bra-galdakao
Подвесной светильник Tureis,3390,https://www.divan.ru/product/podvesnoj-svetilnik-tureis
Бра Moderli Birds-1,9690,https://www.divan.ru/product/bra-moderli-birds-1
Подвесной светильник Даклин White,3890,https://www.divan.ru/product/podvesnoj-svetilnik-daklin-white
Люстра Монти-5 White,14990,https://www.divan.ru/product/lyustra-monti-5-white
Торшер Paolo-1,16990,https://www.divan.ru/product/torsher-paolo-1
Настольная лампа Townshend-5,5490,https://www.divan.ru/product/nastolnaya-lampa-townshend-5
Подвесной светильник Лиму-3 Black,5390,https://www.divan.ru/product/podvesnoj-svetilnik-limu-3-black
Подвесной светильник Moderli Libre,5490,https://www.divan.ru/product/podvesnoj-svetilnik-moderli-libre
Настольная лампа Layham,4790,https://www.divan.ru/product/nastolnaya-lampa-layham
Подвесной светильник Chieveley,14990,https://www.divan.ru/product/podvesnoj-svetilnik-chieveley
Подвесной светильник Фаро White,5290,https://www.divan.ru/product/podvesnoj-svetilnik-faro-white
Спот Лима-1 Black,2490,https://www.divan.ru/product/spot-lima-1-black
Бра Cornus Silver,5290,https://www.divan.ru/product/bra-cornus-silver
Подвесной светильник Руд Black,3290,https://www.divan.ru/product/podvesnoj-svetilnik-rud-black
Бра Куб White,3090,https://www.divan.ru/product/bra-kub-white
Подвесной светильник Volare,3990,https://www.divan.ru/product/podvesnoj-svetilnik-volare
Ландшафтный светильник Визор Black,7390,https://www.divan.ru/product/landshaftnyj-svetilnik-vizor-black
Бра Bolla-Unica,5290,https://www.divan.ru/product/bra-bolla-unica
Люстра Леон-5 Black,10790,https://www.divan.ru/product/lyustra-leon-5-black
Настольная лампа Мист Black,6990,https://www.divan.ru/product/nastolnaya-lampa-mist-black
Настольная лампа Palla Grey,14990,https://www.divan.ru/product/nastolnaya-lampa-palla-grey
Подвесной светильник Фаро-3 White,6490,https://www.divan.ru/product/podvesnoj-svetilnik-faro-3-white
Подвесной светильник Кэнди Blue,6990,https://www.divan.ru/product/podvesnoj-svetilnik-kendi-blue
Подвесной светильник Пайнд Black,2790,https://www.divan.ru/product/podvesnoj-svetilnik-pajnd-black
Подвесной светильник Фолс White,4990,https://www.divan.ru/product/podvesnoj-svetilnik-fols-white
Люстра Нейва-4 Black,6490,https://www.divan.ru/product/lyustra-nejva-4-black
Подвесной светильник Лима Grafit,2390,https://www.divan.ru/product/podvesnoj-svetilnik-lima-grafit
Люстра Альби-6 Black,4390,https://www.divan.ru/product/lyustra-albi-6-black
Бра Лима Black,2290,https://www.divan.ru/product/bra-lima-black
Торшер Combo,11900,https://www.divan.ru/product/torsher-combo
Бра Техно Стрикт-2 Black,2290,https://www.divan.ru/product/bra-tehno-strikt-2-black
Бра Донатори Black,5590,https://www.divan.ru/product/bra-donatori-black
Торшер Токио White,27690,https://www.divan.ru/product/torsher-tokio-white
Подвесной светильник Хоул Grey,3690,https://www.divan.ru/product/podvesnoj-svetilnik-houl-grey
Бра Aqua-Bolla,2190,https://www.divan.ru/product/bra-aqua-bolla
Настольная лампа Moderli Suspent,3190,https://www.divan.ru/product/nastolnaya-lampa-moderli-suspent
Подвесной светильник Минки-2 Brown,3290,https://www.divan.ru/product/podvesnoj-svetilnik-minki-2-brown
Подвесной светильник Снэки Brown,2490,https://www.divan.ru/product/podvesnoj-svetilnik-sneki-brown
Бра Твинки Grey,3390,https://www.divan.ru/product/bra-tvinki-grey
Торшер Moderli Floor White,6590,https://www.divan.ru/product/torsher-moderli-floor-white
Бра Белфаст Single,3590,https://www.divan.ru/product/bra-belfast-single
Бра Фаро Black,2790,https://www.divan.ru/product/bra-faro-black
Светильник потолочный Мона Beige-3,25490,https://www.divan.ru/product/svetilnik-potolochnyj-mona-beige-3
Ландшафтный светильник Белград Black,10990,https://www.divan.ru/product/landshaftnyj-svetilnik-belgrad-black
Бра Tarbes-1,5790,https://www.divan.ru/product/bra-tarbes-1
Торшер Moderli Suspent,7190,https://www.divan.ru/product/torsher-moderli-suspent
Светильник потолочный Атрани Black,4490,https://www.divan.ru/product/svetilnik-potolochnyj-atrani-black
Спот Минки-2 Black,1690,https://www.divan.ru/product/spot-minki-2-black
Подвесной светильник Паоли-1 Black,1200,https://www.divan.ru/product/podvesnoj-svetilnik-paoli-1-black
Люстра Кито-5 Black,7590,https://www.divan.ru/product/lyustra-kito-5-black
Бра Техно Стрикт-2 Grey,2290,https://www.divan.ru/product/bra-tehno-strikt-2-grey
Спот Минки-2 Grey,1690,https://www.divan.ru/product/spot-minki-2-grey
Подвесной светильник Ридж Grey,3090,https://www.divan.ru/product/podvesnoj-svetilnik-ridj-grey
Подвесной светильник Moderli Zoe-2,7990,https://www.divan.ru/product/podvesnoj-svetilnik-moderli-zoe-2
Спот Минки-2 Brown,1790,https://www.divan.ru/product/spot-minki-2-brown
Настольная лампа Фаро Black,3490,https://www.divan.ru/product/nastolnaya-lampa-faro-black
Подвесной светильник Кэнди Yellow,6990,https://www.divan.ru/product/podvesnoj-svetilnik-kendi-yellow
Спот Минки-1 Grey,890,https://www.divan.ru/product/spot-minki-1-grey
Подвесной светильник Narices-1,26390,https://www.divan.ru/product/podvesnoj-svetilnik-narices-1
Спот Лайт-1 White,2390,https://www.divan.ru/product/spot-lajt-1-white
Бра Куб Black,3090,https://www.divan.ru/product/bra-kub-black
Подвесной светильник Снэки Grey,4390,https://www.divan.ru/product/podvesnoj-svetilnik-sneki-grey
Настольная лампа Junior,2990,https://www.divan.ru/product/nastolnaya-lampa-junior
Спот Минки Black,1190,https://www.divan.ru/product/spot-minki-black
Бра Брик Black,3290,https://www.divan.ru/product/bra-brik-black
Настольная лампа Маннера Brown,6990,https://www.divan.ru/product/nastolnaya-lampa-mannera-brown
Светильник потолочный Банджи White,7990,https://www.divan.ru/product/svetilnik-potolochnyj-bandji-white
Подвесной светильник Moderli Lewes,14390,https://www.divan.ru/product/podvesnoj-svetilnik-moderli-lewes
Спот Лима-1 White,2290,https://www.divan.ru/product/spot-lima-1-white
Подвесной светильник Пайн Black,2590,https://www.divan.ru/product/podvesnoj-svetilnik-pajn-black
Подвесной светильник Мирра-1 White,5090,https://www.divan.ru/product/podvesnoj-svetilnik-mirra-1-white
Подвесной светильник Эдли Beige,18990,https://www.divan.ru/product/podvesnoj-svetilnik-edli-beige
Настольная лампа Nevy Silver,11190,https://www.divan.ru/product/nastolnaya-lampa-nevy-silver
Настольная лампа Rodos,4990,https://www.divan.ru/product/nastolnaya-lampa-rodos
Бра Гермес Black,5490,https://www.divan.ru/product/bra-germes-black
Подвесной светильник Volare-1,4320,https://www.divan.ru/product/podvesnoj-svetilnik-volare-1
Люстра Леон-3 Black,7290,https://www.divan.ru/product/lyustra-leon-3-black
Подвесной светильник Milligan-1,16490,https://www.divan.ru/product/podvesnoj-svetilnik-milligan-1
Спот Лайт-2 Black,3190,https://www.divan.ru/product/spot-lajt-2-black
Ландшафтный светильник Техно-1 Black,6690,https://www.divan.ru/product/landshaftnyj-svetilnik-tehno-1-black
Ландшафтный светильник Равелло-1 Black,6990,https://www.divan.ru/product/landshaftnyj-svetilnik-ravello-1-black
Настольная лампа Фаро White,4390,https://www.divan.ru/product/nastolnaya-lampa-faro-white
Торшер Токио Black,27690,https://www.divan.ru/product/torsher-tokio-black
Подвесной светильник Минки White,2590,https://www.divan.ru/product/podvesnoj-svetilnik-minki-white
Светильник потолочный Линг White,7690,https://www.divan.ru/product/svetilnik-potolochnyj-ling-white
Бра Равелло Black,5890,https://www.divan.ru/product/bra-ravello-black
Бра Сирмион Black,7690,https://www.divan.ru/product/bra-sirmion-black
Подвесной светильник Минки-2 White,2490,https://www.divan.ru/product/podvesnoj-svetilnik-minki-2-white
Подвесной светильник Талли Black,7190,https://www.divan.ru/product/podvesnoj-svetilnik-talli-black
Подвесной светильник Минки Grey,2590,https://www.divan.ru/product/podvesnoj-svetilnik-minki-grey
Спот Лиманж-2 Black,4490,https://www.divan.ru/product/spot-limanj-2-black
Подвесной светильник Ридж Brown,3090,https://www.divan.ru/product/podvesnoj-svetilnik-ridj-brown
Настольная лампа Альби White,1590,https://www.divan.ru/product/nastolnaya-lampa-albi-white
Спот Олден Grey,1290,https://www.divan.ru/product/spot-olden-grey
Настольная лампа Монтероло Middle,14990,https://www.divan.ru/product/nastolnaya-lampa-monterolo-middle
Подвесной светильник Мистеро White,1190,https://www.divan.ru/product/podvesnoj-svetilnik-mistero-white
Подвесной светильник Moderli Lia-2,5590,https://www.divan.ru/product/podvesnoj-svetilnik-moderli-lia-2
Ландшафтный светильник Талли Black,12790,https://www.divan.ru/product/landshaftnyj-svetilnik-talli-black
Подвесной светильник Нести White,5890,https://www.divan.ru/product/podvesnoj-svetilnik-nesti-white
Спот Олден Black,1290,https://www.divan.ru/product/spot-olden-black
Спот Минки Grey,790,https://www.divan.ru/product/spot-minki-grey
Подвесной светильник Гермес Black,5490,https://www.divan.ru/product/podvesnoj-svetilnik-germes-black
Светильник потолочный Парма White,5090,https://www.divan.ru/product/svetilnik-potolochnyj-parma-white
Ландшафтный светильник Элси-1 Black,750,https://www.divan.ru/product/landshaftnyj-svetilnik-elsi-1-black
Бра Мэль White,2590,https://www.divan.ru/product/bra-mel-white
Настольная лампа Олли Brass,7990,https://www.divan.ru/product/nastolnaya-lampa-olli-brass
Бра Тренто White,2590,https://www.divan.ru/product/bra-trento-white
Подвесной светильник Снэки-5 Grey,7390,https://www.divan.ru/product/podvesnoj-svetilnik-sneki-5-grey
Настольная лампа Монтероло Small,8990,https://www.divan.ru/product/nastolnaya-lampa-monterolo-small
Подвесной светильник Ройл Black,6790,https://www.divan.ru/product/podvesnoj-svetilnik-rojl-black
Торшер Nevy Silver,19490,https://www.divan.ru/product/torsher-nevy-silver
Люстра Белиз-12 Bronz,13490,https://www.divan.ru/product/lyustra-beliz-12-bronz
Настольная лампа Маннера Grey,6990,https://www.divan.ru/product/nastolnaya-lampa-mannera-grey
Светильник потолочный Лима-1 Black,2590,https://www.divan.ru/product/svetilnik-potolochnyj-lima-1-black
Подвесной светильник Priddy,9890,https://www.divan.ru/product/podvesnoj-svetilnik-priddy
Торшер Moderli Birds-1,15790,https://www.divan.ru/product/torsher-moderli-birds-1
Подвесной светильник Санти Black,12390,https://www.divan.ru/product/podvesnoj-svetilnik-santi-black
Ландшафтный светильник Техно-2 Black,5990,https://www.divan.ru/product/landshaftnyj-svetilnik-tehno-2-black
Подвесной светильник Шалин Black,2690,https://www.divan.ru/product/podvesnoj-svetilnik-shalin-black
Настольная лампа Narices,15390,https://www.divan.ru/product/nastolnaya-lampa-narices
Бра Nevy Silver,8690,https://www.divan.ru/product/bra-nevy-silver
Люстра Альби-5 Black,6190,https://www.divan.ru/product/lyustra-albi-5-black
Бра Твинки Black,3390,https://www.divan.ru/product/bra-tvinki-black
Бра Белфаст Double,4590,https://www.divan.ru/product/bra-belfast-double
Бра Lubenham,7690,https://www.divan.ru/product/bra-lubenham
Торшер Moderli Birds-3,26990,https://www.divan.ru/product/torsher-moderli-birds-3
Подвесной светильник Минки Brown,2690,https://www.divan.ru/product/podvesnoj-svetilnik-minki-brown
Ландшафтный светильник Сфера-1 Black,11390,https://www.divan.ru/product/landshaftnyj-svetilnik-sfera-1-black
Торшер Moderli Floor Black,6590,https://www.divan.ru/product/torsher-moderli-floor-black
Подвесной светильник Дейл Brown,2890,https://www.divan.ru/product/podvesnoj-svetilnik-dejl-brown
Подвесной светильник Hilt,3590,https://www.divan.ru/product/podvesnoj-svetilnik-hilt
Подвесной светильник Минки-1 White,2790,https://www.divan.ru/product/podvesnoj-svetilnik-minki-1-white
Подвесной светильник Телос White,2890,https://www.divan.ru/product/podvesnoj-svetilnik-telos-white
Спот Лайт-1 Grey,2390,https://www.divan.ru/product/spot-lajt-1-grey
Спот Лайт-2 White,3190,https://www.divan.ru/product/spot-lajt-2-white
Подвесной светильник Минки-1 Brown,2990,https://www.divan.ru/product/podvesnoj-svetilnik-minki-1-brown
Бра Элси Black,890,https://www.divan.ru/product/bra-elsi-black
Люстра Фолс-6 Brown,12190,https://www.divan.ru/product/lyustra-fols-6-brown
Подвесной светильник Вьено-5 Black,12390,https://www.divan.ru/product/podvesnoj-svetilnik-veno-5-black
Подвесной светильник Cube One,5390,https://www.divan.ru/product/podvesnoj-svetilnik-cube-one
Подвесной светильник Паоли-3 Black,6090,https://www.divan.ru/product/podvesnoj-svetilnik-paoli-3-black
Подвесной светильник Moderli Martin-1,6290,https://www.divan.ru/product/podvesnoj-svetilnik-moderli-martin-1
Подвесной светильник Moderli Alina,9490,https://www.divan.ru/product/podvesnoj-svetilnik-moderli-alina
Спот Минки-1 Brown,890,https://www.divan.ru/product/spot-minki-1-brown
Спот Лима-2 Black,4890,https://www.divan.ru/product/spot-lima-2-black
Подвесной светильник Минки Black,2590,https://www.divan.ru/product/podvesnoj-svetilnik-minki-black
Светильник потолочный Элси Black,790,https://www.divan.ru/product/svetilnik-potolochnyj-elsi-black
Подвесной светильник Фаро-1 White,3690,https://www.divan.ru/product/podvesnoj-svetilnik-faro-1-white
Торшер Токио Beige,27690,https://www.divan.ru/product/torsher-tokio-beige
Люстра Пиллар-6 Black,12090,https://www.divan.ru/product/lyustra-pillar-6-black
Настольная лампа Маннера Beige,6990,https://www.divan.ru/product/nastolnaya-lampa-mannera-beige
Торшер Moderli Birds-2,23490,https://www.divan.ru/product/torsher-moderli-birds-2
Подвесной светильник Маро Green-3,28890,https://www.divan.ru/product/podvesnoj-svetilnik-maro-green-3
Бра Ройл Black,6890,https://www.divan.ru/product/bra-rojl-black
Подвесной светильник Паоли White,2290,https://www.divan.ru/product/podvesnoj-svetilnik-paoli-white
Спот Лима-4 Black,9090,https://www.divan.ru/product/spot-lima-4-black
Ландшафтный светильник Стамбул-2 Black,10090,https://www.divan.ru/product/landshaftnyj-svetilnik-stambul-2-black
Светильник потолочный Белфаст Black,4990,https://www.divan.ru/product/svetilnik-potolochnyj-belfast-black
Подвесной светильник Moderli Host-2,13390,https://www.divan.ru/product/podvesnoj-svetilnik-moderli-host-2
Бра Pinocchio,6990,https://www.divan.ru/product/bra-pinocchio
Подвесной светильник Рили Beige,21990,https://www.divan.ru/product/podvesnoj-svetilnik-rili-beige
Подвесной светильник Лайонс White,8700,https://www.divan.ru/product/podvesnoj-svetilnik-lajons-white
Подвесной светильник Санти White,9690,https://www.divan.ru/product/podvesnoj-svetilnik-santi-white
Бра Твинки White,3390,https://www.divan.ru/product/bra-tvinki-white
Ландшафтный светильник Метрополис-2 Brown,12290,https://www.divan.ru/product/landshaftnyj-svetilnik-metropolis-2-brown
Ландшафтный светильник Стамбул-1 Black,5290,https://www.divan.ru/product/landshaftnyj-svetilnik-stambul-1-black
Подвесной светильник Лайонс Black,8700,https://www.divan.ru/product/podvesnoj-svetilnik-lajons-black
Торшер Braccio,8990,https://www.divan.ru/product/torsher-braccio
Ландшафтный светильник Сирмион Black,10490,https://www.divan.ru/product/landshaftnyj-svetilnik-sirmion-black
Подвесной светильник Moderli Host-1,5990,https://www.divan.ru/product/podvesnoj-svetilnik-moderli-host-1
Подвесной светильник Хоул Brown,2990,https://www.divan.ru/product/podvesnoj-svetilnik-houl-brown
Спот Минки-1 Black,1390,https://www.divan.ru/product/spot-minki-1-black
Бра Брик White,3290,https://www.divan.ru/product/bra-brik-white
Ландшафтный светильник Ройл Black,13490,https://www.divan.ru/product/landshaftnyj-svetilnik-rojl-black
Подвесной светильник Пиллар-3 Black,4690,https://www.divan.ru/product/podvesnoj-svetilnik-pillar-3-black
Бра Атрани Black,4690,https://www.divan.ru/product/bra-atrani-black
Спот Минки-1 White,1390,https://www.divan.ru/product/spot-minki-1-white
Подвесной светильник Narices,9290,https://www.divan.ru/product/podvesnoj-svetilnik-narices
Подвесной светильник Эффи Grafit,3790,https://www.divan.ru/product/podvesnoj-svetilnik-effi-grafit
Люстра Альби-3 Black,4690,https://www.divan.ru/product/lyustra-albi-3-black
Люстра Белиз-23 Bronz,49090,https://www.divan.ru/product/lyustra-beliz-23-bronz
Бра Moderli Birds-2,14590,https://www.divan.ru/product/bra-moderli-birds-2
Торшер Pinocchio,13990,https://www.divan.ru/product/torsher-pinocchio
Ландшафтный светильник Метрополис-1 Brown,8390,https://www.divan.ru/product/landshaftnyj-svetilnik-metropolis-1-brown
Подвесной светильник Эллис-1 Black,2090,https://www.divan.ru/product/podvesnoj-svetilnik-ellis-1-black
Подвесной светильник Даклин Red,3890,https://www.divan.ru/product/podvesnoj-svetilnik-daklin-red
Подвесной светильник Атрани Black,4890,https://www.divan.ru/product/podvesnoj-svetilnik-atrani-black
Подвесной светильник Пайн-2 Black,3090,https://www.divan.ru/product/podvesnoj-svetilnik-pajn-2-black
Люстра Кроу-3 White,5190,https://www.divan.ru/product/lyustra-krou-3-white
Люстра Джеоми White,12490,https://www.divan.ru/product/lyustra-djeomi-white
Спот Дьюк White,2549,https://www.divan.ru/product/spot-dyuk-white
Ландшафтный светильник Элси-4 Black,1790,https://www.divan.ru/product/landshaftnyj-svetilnik-elsi-4-black
Бра Visuale,2490,https://www.divan.ru/product/bra-visuale
Подвесной светильник Moderli Brizzi-2,7790,https://www.divan.ru/product/podvesnoj-svetilnik-moderli-brizzi-2
Ландшафтный светильник Лэндскейп Black,3990,https://www.divan.ru/product/landshaftnyj-svetilnik-lendskejp-black
Подвесной светильник Эллис-3 Black,5290,https://www.divan.ru/product/podvesnoj-svetilnik-ellis-3-black
Подвесной светильник Мирра White,5090,https://www.divan.ru/product/podvesnoj-svetilnik-mirra-white
Бра Талли Black,7990,https://www.divan.ru/product/bra-talli-black
Подвесной светильник Минки-2 Black,3090,https://www.divan.ru/product/podvesnoj-svetilnik-minki-2-black
Бра Метрополис Brown,5990,https://www.divan.ru/product/bra-metropolis-brown
Ландшафтный светильник Донатори-2 Black,9890,https://www.divan.ru/product/landshaftnyj-svetilnik-donatori-2-black
Бра Техно Стрикт-1 Grey,3290,https://www.divan.ru/product/bra-tehno-strikt-1-grey
Подвесной светильник Moderli Martin-2,14690,https://www.divan.ru/product/podvesnoj-svetilnik-moderli-martin-2
Подвесной светильник Минки-1 Black,2790,https://www.divan.ru/product/podvesnoj-svetilnik-minki-1-black
Бра Техно Стрикт-2 White,1990,https://www.divan.ru/product/bra-tehno-strikt-2-white
Бра Техно Стрикт-1 Black,3290,https://www.divan.ru/product/bra-tehno-strikt-1-black
Бра Техно Стрикт-1 White,3290,https://www.divan.ru/product/bra-tehno-strikt-1-white
Торшер Chieveley,13990,https://www.divan.ru/product/torsher-chieveley
Подвесной светильник Moderli Arya-2,8390,https://www.divan.ru/product/podvesnoj-svetilnik-moderli-arya-2
Подвесной светильник Кэнди Red,3990,https://www.divan.ru/product/podvesnoj-svetilnik-kendi-red
Ландшафтный светильник Хассалех Black,9090,https://www.divan.ru/product/landshaftnyj-svetilnik-hassaleh-black
Подвесной светильник Нести Black,5690,https://www.divan.ru/product/podvesnoj-svetilnik-nesti-black
Подвесной светильник Даклин Black,3890,https://www.divan.ru/product/podvesnoj-svetilnik-daklin-black
Спот Олден White,1290,https://www.divan.ru/product/spot-olden-white
Бра Техно-2 Black,3290,https://www.divan.ru/product/bra-tehno-2-black
Бра Леон Black,2490,https://www.divan.ru/product/bra-leon-black
Подвесной светильник Мистеро Grey,1190,https://www.divan.ru/product/podvesnoj-svetilnik-mistero-grey
Люстра Лима-5 White,8790,https://www.divan.ru/product/lyustra-lima-5-white
Торшер Priddy,8490,https://www.divan.ru/product/torsher-priddy
Спот Esteperra,4890,https://www.divan.ru/product/spot-esteperra
Светильник потолочный Линг Black,7690,https://www.divan.ru/product/svetilnik-potolochnyj-ling-black
Подвесной светильник Снэки-1 Grey,2490,https://www.divan.ru/product/podvesnoj-svetilnik-sneki-1-grey
Бра Техно-1 Black,3190,https://www.divan.ru/product/bra-tehno-1-black
Ландшафтный светильник Белфаст Black,6690,https://www.divan.ru/product/landshaftnyj-svetilnik-belfast-black
Настольная лампа Moderli Birds-1,9690,https://www.divan.ru/product/nastolnaya-lampa-moderli-birds-1
Подвесной светильник Ридж White,2990,https://www.divan.ru/product/podvesnoj-svetilnik-ridj-white
Ландшафтный светильник Донатори-1 Black,6390,https://www.divan.ru/product/landshaftnyj-svetilnik-donatori-1-black
Подвесной светильник Кэнди Orange,6990,https://www.divan.ru/product/podvesnoj-svetilnik-kendi-orange
Бра Лиманж Black,2390,https://www.divan.ru/product/bra-limanj-black
Подвесной светильник Vib White,18590,https://www.divan.ru/product/podvesnoj-svetilnik-vib-white
Подвесной светильник Дейл-3 Brown,7890,https://www.divan.ru/product/podvesnoj-svetilnik-dejl-3-brown
Подвесной светильник Хоул White,2990,https://www.divan.ru/product/podvesnoj-svetilnik-houl-white
Подвесной светильник Альби Black,990,https://www.divan.ru/product/podvesnoj-svetilnik-albi-black
Спот Минки White,1190,https://www.divan.ru/product/spot-minki-white
Подвесной светильник Пайн-1 Black,2790,https://www.divan.ru/product/podvesnoj-svetilnik-pajn-1-black
Настольная лампа Дэви White,9190,https://www.divan.ru/product/nastolnaya-lampa-devi-white
Люстра Лорето-10 White,6490,https://www.divan.ru/product/lyustra-loreto-10-white
Торшер Той Black-2,17790,https://www.divan.ru/product/torsher-toy-black-2
Подвесной светильник Ридж Grafit,3690,https://www.divan.ru/product/podvesnoj-svetilnik-ridj-grafit
Бра Леон-1 Black,2190,https://www.divan.ru/product/bra-leon-1-black
Подвесной светильник Юта Beige-4,19990,https://www.divan.ru/product/podvesnoj-svetilnik-yuta-beige-4
Настольная лампа Alba Silver,6190,https://www.divan.ru/product/nastolnaya-lampa-alba-silver
Настольная лампа Ларм White,9490,https://www.divan.ru/product/nastolnaya-lampa-larm-white
Настольная лампа Alba Brown,5590,https://www.divan.ru/product/nastolnaya-lampa-alba-brown
Подвесной светильник Myrica White,12690,https://www.divan.ru/product/podvesnoj-svetilnik-myrica-white
Торшер Киото Gold,24990,https://www.divan.ru/product/torsher-kioto-gold
Подвесной светильник Myrica Black,13990,https://www.divan.ru/product/podvesnoj-svetilnik-myrica-black
Подвесной светильник Larix-1 Black,15990,https://www.divan.ru/product/podvesnoj-svetilnik-larix-1-black
Светильник потолочный Мона Beige-4,30290,https://www.divan.ru/product/svetilnik-potolochnyj-mona-beige-4
Подвесной светильник Dioon,5890,https://www.divan.ru/product/podvesnoj-svetilnik-dioon
Подвесной светильник Hopy Gold,5190,https://www.divan.ru/product/podvesnoj-svetilnik-hopy-gold
Подвесной светильник Hopy Grey,5190,https://www.divan.ru/product/podvesnoj-svetilnik-hopy-grey
Подвесной светильник Cube Three,14490,https://www.divan.ru/product/podvesnoj-svetilnik-cube-three
Бра Dionia Black,4790,https://www.divan.ru/product/bra-dionia-black
Подвесной светильник Robinia Gold,11790,https://www.divan.ru/product/podvesnoj-svetilnik-robinia-gold
Настольная лампа Акаси Black,3890,https://www.divan.ru/product/nastolnaya-lampa-akasi-black
Настольная лампа Терси Blue,11790,https://www.divan.ru/product/nastolnaya-lampa-tersi-blue
Настольная лампа Alba White,6490,https://www.divan.ru/product/nastolnaya-lampa-alba-white
Бра Dionia White,4790,https://www.divan.ru/product/bra-dionia-white
Подвесной светильник Пайнд White,2790,https://www.divan.ru/product/podvesnoj-svetilnik-pajnd-white
Настольная лампа Palla Black,13290,https://www.divan.ru/product/nastolnaya-lampa-palla-black
Бра Caffer Black,3290,https://www.divan.ru/product/bra-caffer-black
Бра Дэви White,8190,https://www.divan.ru/product/bra-devi-white
Подвесной светильник Salix White,19890,https://www.divan.ru/product/podvesnoj-svetilnik-salix-white
Настольная лампа Джеркс Black,8990,https://www.divan.ru/product/nastolnaya-lampa-djerks-black
Бра Cornus White,5190,https://www.divan.ru/product/bra-cornus-white
Бра Cornus Led,4890,https://www.divan.ru/product/bra-cornus-led
Светильник потолочный Кантур Grafit,36990,https://www.divan.ru/product/svetilnik-potolochnyj-kantur-grafit
Подвесной светильник Руд White,3290,https://www.divan.ru/product/podvesnoj-svetilnik-rud-white
Бра Myrica,4290,https://www.divan.ru/product/bra-myrica
Настольная лампа Акаси White,3890,https://www.divan.ru/product/nastolnaya-lampa-akasi-white
Подвесной светильник Полярик Silver,7690,https://www.divan.ru/product/podvesnoj-svetilnik-polyarik-silver
Торшер Дэви White,23390,https://www.divan.ru/product/torsher-devi-white
Настольная лампа Джеркс White,8990,https://www.divan.ru/product/nastolnaya-lampa-djerks-white
Подвесной светильник Hilt White,3390,https://www.divan.ru/product/podvesnoj-svetilnik-hilt-white
Люстра Фаро-5 Black,11700,https://www.divan.ru/product/lyustra-faro-5-black
Подвесной светильник Клифс Beige,13190,https://www.divan.ru/product/podvesnoj-svetilnik-klifs-beige
Подвесной светильник Фаро-5 Black,6590,https://www.divan.ru/product/podvesnoj-svetilnik-faro-5-black
Люстра Альби-12 Black,6090,https://www.divan.ru/product/lyustra-albi-12-black
